{
  "viewBox": {
    "x": -1181.9786379556779,
    "y": 524.9005830699039,
    "width": 3819.875259420002,
    "height": 3819.875259420002
  },
  "views": []
}